Aspect Ratio,Audio Jack,Bezel-less display,Brand,Capacity,Fingerprint Sensor,Image Resolution,Loudspeaker,Operating System,Rating Count,Review Count,Screen to Body Ratio (calculated),USB OTG Support,User Replaceable,VoLTE,Rating
19:9,3.5 mm,yes,Xiaomi,4000 mAh,yes,4000 x 3000 Pixels,yes,Android v8.1 (Oreo),172274,17138,80.68 %,yes,No,yes,4.5
19:9,3.5 mm,yes,Realme,4230 mAh,yes,4128 x 3096 Pixels,yes,Android v8.1 (Oreo),339447,38252,80.85 %,yes,No,yes,4.5
19.5:9,3.5 mm,yes,Realme,3500 mAh,yes,4128 x 3096 Pixels,yes,Android v8.1 (Oreo),1149,1151,83.68 %,yes,No,yes,4.4
18.5:9,3.5 mm,yes,Samsung,3300 mAh,yes,5288 x 3968 Pixels,yes,Android v8.0 (Oreo),6026,779,74.78 %,yes,No,yes,4.3
19.5:9,3.5 mm,yes,Honor,3750 mAh,yes,5160 x 3872 Pixels,yes,Android v8.1 (Oreo),5175,5177,84.23 %,yes,No,yes,4.4
 ,,,,,,,,,4019,809,,,,,4.4
19.5:9,3.5 mm,yes,Vivo,3400 mAh,yes,4000 x 3000 Pixels,yes,Android v8.1 (Oreo),19350,4178,84.98 %,yes,No,yes,4.5
18:9,3.5 mm,,Xiaomi,3000 mAh,No,4128 x 3096 Pixels,yes,Android v8.1 (Oreo),7525,5543,72.68 %,yes,No,yes,4.3
19:9,3.5 mm,yes,Xiaomi,4000 mAh,yes,4000 x 3000 Pixels,yes,Android v8.1 (Oreo),15725,15649,79.24 %,yes,No,yes,4.1
19:9,3.5 mm,yes,OPPO,4230 mAh,No,4128 x 3096 Pixels,yes,Android v8.1 (Oreo),4414,905,80.85 %,yes,No,yes,4.3
18.7:9,3.5 mm,yes,Xiaomi Poco,4000 mAh,yes,4000 x 3000 Pixels,yes,Android v8.1 (Oreo),111795,16756,82.2 %,yes,No,yes,4.5
19.5:9,USB Type-C,yes,OnePlus,3700 mAh,yes,4616 x 3464 Pixels,yes,Android v9.0 (Pie),7409,7410,85.43 %,yes,No,yes,4.5
18:9,USB Type-C,yes,Xiaomi,3010 mAh,yes,4000 x 3000 Pixels,yes,Android v8.1 (Oreo),9283,7727,77.38 %,yes,No,yes,4
19:9,3.5 mm,yes,Honor,3000 mAh,yes,4128 x 3096 Pixels,yes,Android v8.0 (Oreo),96143,9949,79.07 %,yes,No,yes,4.4
19:9,3.5 mm,yes,Vivo,3260 mAh,yes,4616 x 3464 Pixels,yes,Android v8.1 (Oreo),78686,10615,84.87 %,yes,No,yes,4.4
19:9,3.5 mm,yes,Vivo,4030 mAh,yes,4128 x 3096 Pixels,yes,Android v8.1 (Oreo),11,10,82.6 %,yes,No,yes,4.4
19:9,3.5 mm,yes,Nokia,3060 mAh,yes,4616 x 3464 Pixels,yes,Android v8.1 (Oreo),112997,16415,80.05 %,yes,No,yes,4.4
18.7:9,3.5 mm,yes,Nokia,3500 mAh,yes,4000 x 3000 Pixels,yes,Android v9.0 (Pie),181,183,82.03 %,,No,yes,4.5
19:9,3.5 mm,yes,Vivo,4030 mAh,yes,4128 x 3096 Pixels,yes,Android v8.1 (Oreo),1787,230,82.6 %,yes,No,yes,4.4
19.5:9,3.5 mm,yes,Honor,3750 mAh,yes,4616 x 3464 Pixels,yes,Android v8.1 (Oreo),3744,3747,82.98 %,,No,yes,4.4
19:9,3.5 mm,yes,Asus,4000 mAh,yes,4128 x 3096 Pixels,yes,Android v8.1 (Oreo),5841,823,80.64 %,yes,No,yes,4.4
19:9,3.5 mm,yes,OPPO,4230 mAh,yes,4128 x 3096 Pixels,yes,Android v8.1 (Oreo),215,41,81.22 %,yes,No,yes,4.4
19:9,3.5 mm,yes,Xiaomi,4000 mAh,yes,4000 x 3000 Pixels,yes,Android v8.1 (Oreo),28649,3147,80.68 %,yes,No,yes,4.5
19:9,3.5 mm,yes,Vivo,3260 mAh,No,4128 x 3096 Pixels,yes,Android v8.1 (Oreo),75,7,82.66 %,yes,No,yes,4.4
19:9,3.5 mm,yes,Nokia,3060 mAh,yes,4128 x 3096 Pixels,yes,Android v8.1 (Oreo),69060,10263,79.34 %,yes,No,yes,4.3
18.5:9,3.5 mm,yes,Samsung,3300 mAh,No,4128 x 3096 Pixels,yes,Android v8.1 (Oreo),647,119,73.94 %,yes,No,yes,4.2
18:9,3.5 mm,yes,Xiaomi,3080 mAh,yes,4000 x 3000 Pixels,yes,Android v8.1 (Oreo),21775,18880,74.64 %,yes,No,yes,4.3
18.5:9,3.5 mm,yes,Samsung,3800 mAh,yes,5288 x 3968 Pixels,yes,Android v8.0 (Oreo),222,59,80.86 %,yes,No,yes,4.3
19.3:9,3.5 mm,yes,Vivo,4000 mAh,yes,4000 x 3000 Pixels,yes,Android v8.1 (Oreo),529,531,86.47 %,yes,No,yes,4.6
19:9,3.5 mm,yes,Asus,5000 mAh,yes,4000 x 3000 Pixels,yes,Android v8.1 (Oreo),11151,2258,81.64 %,yes,No,yes,4.4
19.5:9,USB Type-C,yes,Huawei,4200 mAh,yes,7360 x 4912 Pixels,yes,Android v9.0 (Pie),108,111,87.66 %,,No,yes,4.5
19:9,3.5 mm,yes,Honor,4000 mAh,yes,4128 x 3096 Pixels,yes,Android v8.1 (Oreo),130,133,80.8 %,,No,yes,3.9
18:9,3.5 mm,yes,Honor,3000 mAh,yes,4128 x 3096 Pixels,yes,Android v8.0 (Oreo),209619,22189,75.36 %,yes,No,yes,4.2
18:9,3.5 mm,yes,Asus,5000 mAh,yes,4616 x 3464 Pixels,yes,Android v8.1 (Oreo),118441,19894,76.62 %,yes,No,yes,4.3
18:9,3.5 mm,yes,Asus,3000 mAh,No,4128 x 3096 Pixels,yes,Android v8.0 (Oreo),27405,3770,72.63 %,,No,yes,4.2
18:9,3.5 mm,yes,Xiaomi,3080 mAh,yes,4000 x 3000 Pixels,yes,Android v8.1 (Oreo),19835,18719,74.64 %,yes,No,yes,4.3
19:9,3.5 mm,yes,Vivo,3260 mAh,yes,4128 x 3096 Pixels,yes,Android v8.1 (Oreo),890,893,84.91 %,yes,No,yes,4.3
18.5:9,3.5 mm,yes,Samsung,3300 mAh,yes,4128 x 3096 Pixels,yes,Android v8.1 (Oreo),1391,306,73.94 %,yes,No,yes,4.2
19:9,3.5 mm,yes,OPPO,3400 mAh,yes,4616 x 3464 Pixels,yes,Android v8.1 (Oreo),11208,2459,82.06 %,yes,No,yes,4.4
19.5:9,3.5 mm,yes,Huawei,3340 mAh,yes,4616 x 3464 Pixels,yes,Android v8.1 (Oreo),2394,2397,82.03 %,,No,yes,4.1
,3.5 mm,,Lenovo,4000 mAh,yes,4128 x 3096 Pixels,yes,Android v7.1.1 (Nougat),32050,16020,70.95 %,yes,No,yes,3.8
19.5:9,3.5 mm,yes,Realme,3500 mAh,yes,4128 x 3096 Pixels,yes,Android v8.1 (Oreo),1149,1151,83.68 %,yes,No,yes,4.4
18.5:9,3.5 mm,yes,Samsung,3500 mAh,yes,4000 x 3000 Pixels,yes,Android v8.0 (Oreo),3039,721,83.99 %,yes,No,yes,4.6
18:9,3.5 mm,yes,Honor,3000 mAh,yes,4128 x 3096 Pixels,yes,Android v8.0 (Oreo),385739,61028,75.88 %,yes,No,yes,4.3
18:9,Lightning,yes,Apple,2716 mAh,No,4000 x 3000 Pixels,yes,iOS v11.0.1,5220,1444,80.93 %,,No,yes,4.5
,3.5 mm,,Xiaomi,3000 mAh,No,4128 x 3096 Pixels,yes,Android v7.1.2 (Nougat),1144467,152219,69.86 %,yes,No,yes,4.5
18:9,3.5 mm,yes,Asus,4000 mAh,yes,4128 x 3096 Pixels,yes,Android v8.0 (Oreo),37741,5457,73.4 %,yes,No,yes,4.2
,3.5 mm,,Reliance,2000 mAh,No,1600 x 1200 Pixels,yes,KAI OS v,9444,2041,,,yes,yes,3.9
19:9,3.5 mm,yes,Vivo,3260 mAh,yes,4128 x 3096 Pixels,yes,Android v8.1 (Oreo),9762,2383,82.33 %,yes,No,yes,4.3
18:9,3.5 mm,yes,Honor,3000 mAh,yes,4128 x 3096 Pixels,yes,Android v8.0 (Oreo),5858,5550,76.26 %,yes,No,yes,4
18.5:9,3.5 mm,yes,Samsung,3000 mAh,yes,4128 x 3096 Pixels,yes,Android v8.0 (Oreo),64805,6629,76.28 %,yes,No,yes,4.3
18:9,3.5 mm,yes,Vivo,3225 mAh,yes,4616 x 3464 Pixels,yes,Android v7.1 (Nougat),17019,3795,78.51 %,yes,No,yes,4.3
18:9,USB Type-C,yes,Xiaomi,3010 mAh,yes,4000 x 3000 Pixels,yes,Android v8.1 (Oreo),7515,7518,77.38 %,yes,No,yes,3.9
18:9,3.5 mm,yes,Lenovo,4000 mAh,yes,4128 x 3096 Pixels,yes,Android v8.1 (Oreo),4803,660,73.75 %,yes,No,yes,4.2
19:9,3.5 mm,yes,OnePlus,3300 mAh,yes,4616 x 3464 Pixels,yes,Android v8.1 (Oreo),22617,22619,83.55 %,yes,No,yes,4.5
18:9,3.5 mm,yes,Lava,3000 mAh,No,3264 x 2448 Pixels,yes,Android v8.1 (Oreo),833,346,74.53 %,,yes,yes,4
19.5:9,USB Type-C,yes,OPPO,3730 mAh,No,4616 x 3464 Pixels,yes,Android v8.1 (Oreo),386,93,86.29 %,yes,No,yes,4.6
18:9,3.5 mm,yes,Vivo,3360 mAh,No,4128 x 3096 Pixels,yes,Android v8.1 (Oreo),3502,703,78.62 %,yes,No,yes,4.2
,3.5 mm,,Nokia,1500 mAh,No,1600 x 1200 Pixels,yes,KAI OS v,222,104,28.26 %,,yes,yes,2.8
19:9,3.5 mm,yes,OPPO,3500 mAh,yes,4616 x 3464 Pixels,yes,Android v8.1 (Oreo),16,17,85.05 %,yes,No,yes,4.4
19:9,3.5 mm,yes,Vivo,3260 mAh,yes,4128 x 3096 Pixels,yes,Android v8.1 (Oreo),2286,420,82.33 %,yes,No,yes,4.3
18:9,3.5 mm,yes,Xiaomi,3300 mAh,yes,4000 x 3000 Pixels,yes,Android v7.1.2 (Nougat),17221,16020,75.87 %,yes,No,yes,4.2
18:9,3.5 mm,yes,Xiaomi,3000 mAh,No,4128 x 3096 Pixels,yes,Android v8.1 (Oreo),250442,20017,72.68 %,yes,No,yes,4.4
16:9,,,Apple,2900 mAh,yes,4608 x 2592 Pixels,yes,iOS v10,1980,1169,67.51 %,,No,yes,4.4
16:9,3.5 mm,,Nokia,4000 mAh,No,3264 x 2448 Pixels,yes,Android v8.1 (Oreo),1159,313,69.8 %,yes,No,yes,4
18:9,3.5 mm,yes,Realme,3410 mAh,No,4128 x 3096 Pixels,yes,Android v8.1 (Oreo),28420,28423,78.94 %,yes,No,yes,4.4
19:9,3.5 mm,yes,Nokia,3060 mAh,yes,4000 x 3000 Pixels,yes,Android v8.1 (Oreo),92,27,80.65 %,,No,yes,4.4
19:9,3.5 mm,yes,Huawei,3000 mAh,yes,4616 x 3464 Pixels,yes,Android v8.0 (Oreo),2644,2629,80.06 %,yes,No,yes,4.1
18:9,3.5 mm,yes,Xiaomi,4000 mAh,yes,4000 x 3000 Pixels,yes,Android v7.1.2 (Nougat),151295,16910,77.43 %,yes,No,yes,4.5
18:9,3.5 mm,yes,OPPO,3200 mAh,yes,4616 x 3464 Pixels,yes,Android v7.1 (Nougat),5554,1284,78.11 %,yes,No,yes,4.3
16:9,3.5 mm,,Nokia,3000 mAh,yes,4616 x 3464 Pixels,yes,Android v8.1 (Oreo),936,332,73.76 %,,No,yes,3.9
18.5:9,3.5 mm,yes,Samsung,3000 mAh,yes,4128 x 3096 Pixels,yes,Android v8.0 (Oreo),6923,1370,76.28 %,yes,No,yes,4.3
18.5:9,3.5 mm,yes,Samsung,3500 mAh,yes,4616 x 3464 Pixels,yes,Android v7.1.1 (Nougat),3080,3069,75.82 %,yes,No,yes,4.1
,3.5 mm,,Lenovo,4000 mAh,yes,4128 x 3096 Pixels,yes,Android v7.1.1 (Nougat),275525,50747,68.04 %,yes,No,yes,4.1
18:9,3.5 mm,yes,Vivo,3360 mAh,No,3264 x 2448 Pixels,yes,Android v8.1 (Oreo),3495,511,78.77 %,yes,No,yes,4.2
,3.5 mm,,Micromax,2000 mAh,No,1600 x 1200 Pixels,yes,,5399,1485,23.6 %,,yes,yes,3.4
18.5:9,3.5 mm,yes,Samsung,3000 mAh,yes,4616 x 3464 Pixels,yes,Android v8.0 (Oreo),595,220,75.33 %,yes,No,yes,4.2
19.5:9,Lightning,yes,Apple,3174 mAh,No,4000 x 3000 Pixels,yes,iOS v12.0,901,185,84.89 %,,No,yes,4.6
18:9,3.5 mm,yes,Moto,3000 mAh,yes,4000 x 3000 Pixels,yes,Android v8.0 (Oreo),2180,1710,75.4 %,yes,No,yes,3.8
18:9,3.5 mm,yes,Nokia,3800 mAh,yes,4000 x 3000 Pixels,yes,Android v8.0 (Oreo),2640,1863,77.63 %,,No,yes,4.3
19.5:9,Lightning,yes,Apple,2942 mAh,No,4000 x 3000 Pixels,yes,iOS v12.0,223,87,79.79 %,,No,yes,4.5
,3.5 mm,,Samsung,3300 mAh,yes,4128 x 3096 Pixels,yes,Android v6.0.1 (Marshmallow),22197,7501,73.13 %,yes,No,yes,4.2
,3.5 mm,,Apple,1642 mAh,yes,4608 x 2592 Pixels,yes,iOS v10,66162,12486,60.66 %,,No,yes,4.5
18.7:9,3.5 mm,yes,Xiaomi Poco,4000 mAh,yes,4000 x 3000 Pixels,yes,Android v8.1 (Oreo),111794,16755,82.2 %,yes,No,yes,4.5
,3.5 mm,,Gionee,4000 mAh,yes,4128 x 3096 Pixels,yes,Android v7.0 (Nougat),4304,951,69 %,yes,No,,4
18:9,3.5 mm,yes,Moto,5000 mAh,yes,4000 x 3000 Pixels,yes,Android v8.0 (Oreo),7085,1829,76.68 %,,No,yes,4.1
,3.5 mm,,Xiaomi,4100 mAh,yes,4128 x 3096 Pixels,yes,Android v6.0.1 (Marshmallow),1268083,218020,72.5 %,yes,No,yes,4.4
,3.5 mm,,Apple,1715 mAh,yes,4608 x 2592 Pixels,yes,iOS v9,24135,4281,65.47 %,,No,yes,4.5
19:9,3.5 mm,yes,Vivo,3260 mAh,yes,4128 x 3096 Pixels,yes,Android v8.1 (Oreo),498,387,82.66 %,yes,No,yes,4.1
18.5:9,3.5 mm,yes,Samsung,3000 mAh,yes,4000 x 3000 Pixels,yes,Android v7.0 (Nougat),22568,2929,84.57 %,yes,No,yes,4.5
18:9,3.5 mm,yes,Honor,3340 mAh,yes,4616 x 3464 Pixels,yes,Android v7.0 (Nougat),40785,7864,76.48 %,yes,No,yes,4.3
,,,Apple,1960 mAh,yes,4608 x 2592 Pixels,yes,iOS v10,29469,6591,65.47 %,,No,yes,4.5
16:9,3.5 mm,,Nokia,3090 mAh,yes,4128 x 3096 Pixels,yes,Android v7.1.1 (Nougat),979,767,69.19 %,yes,No,yes,3.9
16:9,3.5 mm,,Nokia,2150 mAh,No,2592 x 1944 Pixels,yes,Android v8.1 (Oreo),6035,1456,61.58 %,yes,yes,yes,3.9
16:9,3.5 mm,,Samsung,3600 mAh,yes,4000 x 3000 Pixels,yes,Android v6.0 (Marshmallow),3822,726,75.94 %,yes,No,,4.4
19.5:9,3.5 mm,yes,OPPO,3500 mAh,yes,4616 x 3464 Pixels,yes,Android v8.1 (Oreo),1516,1519,83.84 %,yes,No,yes,4.4
,3.5 mm,,Xiaomi,5300 mAh,yes,4000 x 3000 Pixels,yes,Android v7.1.1 (Nougat),45792,13273,72.95 %,yes,No,yes,4.4
,3.5 mm,,Gionee,4550 mAh,yes,4128 x 3096 Pixels,yes,Android v7.0 (Nougat),1686,407,71.43 %,,No,yes,4
,3.5 mm,,Samsung,800 mAh,,,yes,,79119,16571,,,yes,,4.3
18:9,3.5 mm,yes,Yu,4000 mAh,yes,4128 x 3096 Pixels,yes,Android v8.0 (Oreo),16402,2486,73.05 %,yes,yes,yes,4.1
18:9,3.5 mm,yes,Infinix,3050 mAh,No,4128 x 3096 Pixels,yes,Android v8.1 (Oreo),35676,5368,72.95 %,No,No,yes,4.1
19:9,USB Type-C,yes,Huawei,4000 mAh,yes,7360 x 4912 Pixels,yes,Android v8.1 (Oreo),311,314,81.76 %,,No,yes,4.4
16:9,3.5 mm,,Apple,1810 mAh,yes,3264 x 2448 Pixels,yes,iOS v10,60996,11503,66.14 %,,No,yes,4.3
16:9,3.5 mm,,Samsung,3300 mAh,yes,4128 x 3096 Pixels,yes,Android v7.0 (Nougat),17237,3640,72.37 %,yes,No,yes,4.3
,3.5 mm,,Samsung,5000 mAh,yes,4616 x 3464 Pixels,yes,Android v5.1.1 (Lollipop),4018,1488,75.69 %,yes,No,,4.2
19:9,3.5 mm,yes,Asus,4000 mAh,yes,4128 x 3096 Pixels,yes,Android v8.1 (Oreo),2100,276,80.64 %,yes,No,yes,4.3
18:9,3.5 mm,yes,10.or,3200 mAh,No,4128 x 3096 Pixels,yes,Android v8.1 (Oreo),562,564,73.61 %,yes,No,yes,3.4
18:9,3.5 mm,yes,Vivo,3000 mAh,yes,4616 x 3464 Pixels,yes,Android v7.1 (Nougat),11204,2319,77.14 %,yes,No,yes,4.3
18:9,3.5 mm,yes,OPPO,3180 mAh,No,4128 x 3096 Pixels,yes,Android v7.1 (Nougat),1834,351,76.21 %,yes,No,yes,4.3
16:9,3.5 mm,,Vivo,3000 mAh,yes,4128 x 3096 Pixels,yes,Android v6.0 (Marshmallow),7719,1975,71.65 %,yes,No,yes,4.2
,Lightning,,Apple,2675 mAh,yes,4608 x 2592 Pixels,yes,iOS v11,3204,683,67.25 %,,No,yes,4.6
18.5:9,USB Type-C,yes,Google,3430 mAh,yes,4032 x 3024 Pixels,yes,Android v9.0 (Pie),227,43,83.49 %,,No,yes,4.8
19.5:9,3.5 mm,yes,Honor,3750 mAh,yes,4616 x 3464 Pixels,yes,Android v8.1 (Oreo),3836,3762,82.98 %,,No,yes,4.4
18:9,3.5 mm,yes,Blackberry,4000 mAh,yes,4128 x 3096 Pixels,yes,Android v8.1 (Oreo),70,73,76.57 %,yes,No,yes,3.4
,3.5 mm,,Lenovo,4000 mAh,yes,4128 x 3096 Pixels,yes,Android v7.1.1 (Nougat),18677,11586,70.95 %,yes,No,yes,3.7
,3.5 mm,,Nokia,1020 mAh,No,640 x 480 Pixels,yes,,17021,4403,30.11 %,No,yes,,4.2
18:9,3.5 mm,yes,Moto,3200 mAh,yes,4000 x 3000 Pixels,yes,Android v8.0 (Oreo),192,97,74.66 %,yes,No,yes,4.3
19.5:9,3.5 mm,yes,Honor,3750 mAh,yes,5160 x 3872 Pixels,yes,Android v8.1 (Oreo),5197,5179,84.23 %,yes,No,yes,4.4
19:9,3.5 mm,,Vivo,3200 mAh,yes,4000 x 3000 Pixels,yes,Android v8.1 (Oreo),1386,289,84.93 %,yes,No,yes,4.3
,3.5 mm,,Oppo,3200 mAh,yes,4128 x 3096 Pixels,yes,Android v6.0 (Marshmallow),50780,9312,72.17 %,yes,No,yes,4.2
,3.5 mm,,Xiaomi,3080 mAh,No,4128 x 3096 Pixels,yes,Android v7.1.2 (Nougat),6362,3995,71.36 %,yes,No,yes,4.1
18:9,USB Type-C,yes,Xiaomi,3400 mAh,yes,4000 x 3000 Pixels,yes,Android v7.1 (Nougat),3901,803,80.79 %,yes,No,yes,4.3
19.5:9,3.5 mm,yes,Huawei,3750 mAh,yes,4616 x 3464 Pixels,yes,Android v8.1 (Oreo),186,188,84.02 %,,No,yes,4
18:9,3.5 mm,yes,Moto,3000 mAh,yes,4000 x 3000 Pixels,yes,Android v8.0 (Oreo),3203,1824,75.4 %,yes,No,yes,3.9
,Lightning,,Apple,1821 mAh,yes,4608 x 2592 Pixels,yes,iOS v11,2798,659,65.23 %,,No,yes,4.4
,3.5 mm,,Apple,2750 mAh,yes,4608 x 2592 Pixels,yes,iOS v9,3705,794,67.51 %,,No,yes,4.4
16:9,3.5 mm,,Micromax,5000 mAh,No,4128 x 3096 Pixels,yes,Android v7.1 (Nougat),5672,909,67.68 %,yes,No,yes,3.9
,3.5 mm,,Micromax,3000 mAh,yes,4128 x 3096 Pixels,yes,Android v7.0 (Nougat),45,29,,,,yes,3.1
,3.5 mm,,Nokia,1200 mAh,No,1600 x 1200 Pixels,yes,,16986,3346,30.26 %,,yes,,3.7
,3.5 mm,,Oppo,3010 mAh,No,4128 x 3096 Pixels,yes,Android v7.1 (Nougat),936,149,68.04 %,yes,No,yes,4.2
,3.5 mm,,Xiaomi,3000 mAh,No,4128 x 3096 Pixels,yes,Android v7.1.2 (Nougat),552047,63890,69.86 %,yes,No,yes,4.4
16:9,3.5 mm,,Samsung,2600 mAh,yes,5312 x 2988 Pixels,yes,Android v5.0.2 (Lollipop),1417,418,71.82 %,yes,No,,4
18:9,3.5 mm,yes,Nokia,2990 mAh,No,4128 x 3096 Pixels,yes,Android v8.1 (Oreo),76,53,69.58 %,,No,yes,4
,3.5 mm,,Nokia,1020 mAh,No,640 x 480 Pixels,yes,,15173,2986,30.11 %,,yes,,4.1
18:9,3.5 mm,yes,OPPO,3180 mAh,No,4128 x 3096 Pixels,yes,Android v7.1 (Nougat),44,11,76.21 %,yes,No,yes,4.2
18:9,3.5 mm,yes,Honor,3000 mAh,yes,4128 x 3096 Pixels,yes,Android v8.0 (Oreo),68060,10921,75.88 %,yes,No,yes,4.3
18:9,3.5 mm,yes,Meizu,3000 mAh,No,4128 x 3096 Pixels,yes,Android v8.0 (Oreo),50,50,73.64 %,,No,yes,4.2
,3.5 mm,,Samsung,4000 mAh,yes,4616 x 3464 Pixels,yes,Android v6.0 (Marshmallow),4183,988,75.32 %,yes,No,yes,4.3
,3.5 mm,,Samsung,1200 mAh,No,2032 x 1520 Pixels,yes,,19774,3679,33.3 %,No,yes,,4.1
18:9,3.5 mm,yes,InFocus,4000 mAh,yes,4128 x 3096 Pixels,yes,Android v7.0 (Nougat),8614,6640,76.61 %,yes,No,yes,3.6
,3.5 mm,,Oppo,2900 mAh,yes,4128 x 3096 Pixels,yes,Android v6.0 (Marshmallow),8017,2379,68.42 %,yes,No,,4.1
,3.5 mm,,Moto,5000 mAh,yes,4128 x 3096 Pixels,yes,Android v7.1.1 (Nougat),452424,86804,69.26 %,yes,No,yes,4
18:9,3.5 mm,yes,LG,3300 mAh,yes,4616 x 3464 Pixels,yes,Android v8.1 (Oreo),1336,310,79.74 %,yes,No,yes,3.8
,3.5 mm,,Nokia,4100 mAh,No,3264 x 2448 Pixels,yes,Android v7.1.1 (Nougat),6763,1690,67.2 %,yes,No,,3.7
16:9,3.5 mm,,Moto,3000 mAh,yes,4000 x 3000 Pixels,yes,Android v8.0 (Oreo),12584,2192,68.32 %,yes,No,yes,4.3
,3.5 mm,,Oppo,2630 mAh,No,3264 x 2448 Pixels,yes,Android v5.1 (Lollipop),10997,2616,67.68 %,yes,No,yes,4.1
18.5:9,3.5 mm,yes,Samsung,3800 mAh,yes,5288 x 3968 Pixels,yes,Android v8.0 (Oreo),127,59,80.86 %,yes,No,yes,4.1
19.5:9,USB Type-C,yes,OnePlus,3700 mAh,yes,4616 x 3464 Pixels,yes,Android v9.0 (Pie),7407,7408,85.43 %,yes,No,yes,4.5
,3.5 mm,,Nokia,800 mAh,,,yes,,27475,5808,18.39 %,,yes,,4.2
,3.5 mm,,Gionee,4010 mAh,yes,4128 x 3096 Pixels,yes,Android v7.0 (Nougat),5675,1664,70.39 %,yes,No,yes,4
18:9,3.5 mm,yes,OPPO,3200 mAh,yes,4128 x 3096 Pixels,yes,Android v7.1 (Nougat),7356,1245,78.11 %,yes,No,yes,4.3
,3.5 mm,,Sony,2300 mAh,No,5536 x 4152 Pixels,yes,Android v7.0 (Nougat),5576,1785,70.78 %,yes,No,yes,3.6
19:9,3.5 mm,yes,Tecno,3750 mAh,yes,4128 x 3096 Pixels,yes,Android v8.1 (Oreo),29,10,81.62 %,,No,yes,4.1
19.5:9,3.5 mm,yes,LG,3000 mAh,yes,4616 x 3464 Pixels,yes,Android v8.0 (Oreo),1906,544,82.74 %,yes,No,yes,4.5
16:9,3.5 mm,,Nokia,3000 mAh,yes,4616 x 3464 Pixels,yes,Android v7.1.1 (Nougat),16062,12737,71.27 %,yes,No,yes,3.5
,3.5 mm,,Sony,2620 mAh,No,4128 x 3096 Pixels,yes,Android v7.1 (Nougat),7868,1689,69.59 %,,No,yes,4
16:9,3.5 mm,,OPPO,4000 mAh,yes,4616 x 3464 Pixels,yes,Android v6.0 (Marshmallow),27174,5906,74.9 %,yes,No,yes,4.3
18:9,USB Type-C,yes,Google,2915 mAh,yes,4032 x 3024 Pixels,yes,Android v9.0 (Pie),530,101,78.62 %,,No,yes,4.6
18:9,3.5 mm,yes,Itel,2400 mAh,yes,2592 x 1944 Pixels,yes,Android v7.0 (Nougat),4,6,73.46 %,yes,yes,yes,3.5
19:9,3.5 mm,yes,Honor,4000 mAh,yes,4128 x 3096 Pixels,yes,Android v8.1 (Oreo),130,133,80.8 %,,No,yes,3.9
,3.5 mm,,Samsung,800 mAh,,,yes,,26637,5467,14.93 %,,yes,,4.2
,3.5 mm,,Xiaomi,4050 mAh,yes,4616 x 3464 Pixels,yes,Android v5.1 (Lollipop),175915,72476,72.98 %,yes,No,yes,4.1
,3.5 mm,,Sony,2620 mAh,No,4128 x 3096 Pixels,yes,Android v7.1 (Nougat),5073,1343,69.59 %,,No,yes,3.9
,3.5 mm,,Samsung,3000 mAh,No,4128 x 3096 Pixels,yes,Android v6.0 (Marshmallow),15866,15797,70.72 %,,yes,,3.8
16:9,3.5 mm,,OPPO,3000 mAh,No,4128 x 3096 Pixels,yes,Android v7.1 (Nougat),9831,749,68.04 %,yes,No,yes,4.4
18:9,3.5 mm,yes,Honor,3750 mAh,yes,4616 x 3464 Pixels,yes,Android v8.0 (Oreo),2343,2334,78.74 %,yes,No,yes,4.3
,3.5 mm,,Samsung,3050 mAh,yes,5312 x 2988 Pixels,yes,Android v5.1 (Lollipop),1516,454,73.64 %,yes,No,,4
18:9,3.5 mm,yes,Yu,4000 mAh,yes,4128 x 3096 Pixels,yes,Android v8.0 (Oreo),1790,272,73.05 %,yes,yes,yes,3.9
,3.5 mm,,Samsung,3000 mAh,yes,4000 x 3000 Pixels,yes,Android v6.0 (Marshmallow),31362,5991,72.18 %,yes,No,,4.4
18:9,USB Type-C,yes,Ulefone,13000 mAh,yes,5312 x 3984 Pixels,yes,Android v8.1 (Oreo),7,7,68.38 %,yes,No,,4.7
,3.5 mm,yes,Micromax,2900 mAh,yes,4128 x 3096 Pixels,yes,Android v7.1.2 (Nougat),6676,3662,75.56 %,yes,yes,yes,3.9
16:9,,,Apple,2900 mAh,yes,4608 x 2592 Pixels,yes,iOS v10,2798,1240,67.51 %,,No,yes,4.5
18:9,3.5 mm,yes,Mobiistar,3000 mAh,yes,3264 x 2448 Pixels,yes,Android v8.1 (Oreo),21,2,,yes,,yes,3.7
,USB Type-C,,HTC,3000 mAh,yes,4000 x 3000 Pixels,yes,Android v7.0 (Nougat),296,68,69.04 %,yes,No,yes,4
,3.5 mm,,Vivo,3055 mAh,yes,4616 x 3464 Pixels,yes,Android v6.0 (Marshmallow),4516,1064,73.73 %,yes,No,yes,4.3
4:3,3.5 mm,,Nokia,1200 mAh,,1600 x 1200 Pixels,yes,,6475,1786,35.3 %,,,,4.1
,3.5 mm,,Tecno,4000 mAh,yes,4128 x 3096 Pixels,yes,Android v7.0 (Nougat),5,6,73.03 %,,No,yes,4.8
,3.5 mm,,Lenovo,4000 mAh,yes,4128 x 3096 Pixels,yes,Android v6.0.1 (Marshmallow),230978,54298,68.93 %,yes,No,yes,4.1
18:9,3.5 mm,yes,Lava,3000 mAh,No,3264 x 2448 Pixels,yes,Android v8.1 (Oreo),833,346,74.53 %,,yes,yes,4
19:9,3.5 mm,yes,Tecno,3750 mAh,yes,4128 x 3096 Pixels,yes,Android v8.1 (Oreo),24,5,,,No,yes,4.7
,3.5 mm,,Samsung,2600 mAh,No,3264 x 2448 Pixels,yes,Android v6.0 (Marshmallow),3465,976,67.91 %,yes,yes,,4
16:9,3.5 mm,,Lenovo,3500 mAh,yes,4128 x 3096 Pixels,yes,Android v6.0 (Marshmallow),259819,53081,72.31 %,yes,No,yes,4.1
,3.5 mm,,Vivo,2350 mAh,No,3264 x 2448 Pixels,yes,Android v5.1 (Lollipop),3808,1176,66.69 %,yes,No,,4
,3.5 mm,,Karbonn,1400 mAh,No,1600 x 1200 Pixels,yes,Android v7.0 (Nougat),1301,447,57.63 %,,yes,yes,3.4
16:9,3.5 mm,,Samsung,3300 mAh,yes,4128 x 3096 Pixels,yes,Android v5.1 (Lollipop),1713,625,74.11 %,yes,No,,4.1
18:9,3.5 mm,yes,LG,3300 mAh,yes,4616 x 3464 Pixels,yes,Android v8.1 (Oreo),710,188,79.74 %,yes,No,yes,3.9
,3.5 mm,,Coolpad,4000 mAh,yes,4128 x 3096 Pixels,yes,Android v7.1 (Nougat),670,590,72.6 %,yes,No,yes,3.1
,3.5 mm,,Samsung,1200 mAh,No,1600 x 1200 Pixels,yes,,6931,1031,29.59 %,No,yes,,4.1
,3.5 mm,,Vivo,1700 mAh,,2592 x 1944 Pixels,yes,Android v4.4 (Kitkat),225,34,59.24 %,,yes,,3.7
,3.5 mm,,Nokia,1020 mAh,,,yes,,18871,3041,21.14 %,,yes,,4
,3.5 mm,,Moto,3000 mAh,yes,4616 x 3464 Pixels,yes,Android v6.0 (Marshmallow),53751,52982,71.55 %,yes,No,,3.4
16:9,3.5 mm,,Mobiistar,3020 mAh,No,3264 x 2448 Pixels,yes,Android v7.1.2 (Nougat),6337,1802,65.95 %,yes,No,yes,3.9
,3.5 mm,,Vivo,3000 mAh,yes,4128 x 3096 Pixels,yes,Android v6.0 (Marshmallow),15266,3221,71.65 %,yes,No,yes,4.3
18:9,3.5 mm,yes,LG,3300 mAh,yes,4616 x 3464 Pixels,yes,Android v7.1.2 (Nougat),799,800,81.22 %,,No,yes,4.1
18:9,3.5 mm,yes,LG,3000 mAh,No,4128 x 3096 Pixels,yes,Android v7.1.1 (Nougat),8111,7004,79.05 %,yes,No,yes,3.7
18:9,3.5 mm,yes,Lava,3000 mAh,yes,4128 x 3096 Pixels,yes,Android v7.0 (Nougat),123,92,75.67 %,yes,,yes,3.8
,,,Samsung,800 mAh,,,yes,,65637,11314,14.93 %,,yes,,4.2
,3.5 mm,,Samsung,2400 mAh,yes,4128 x 3096 Pixels,yes,Android v6.0 (Marshmallow),1296,533,69.28 %,,No,,4
,3.5 mm,,Micromax,5000 mAh,No,2592 x 1944 Pixels,yes,Android v7.1.1 (Nougat),446,103,67.68 %,yes,No,yes,3.8
19.5:9,Lightning,yes,Apple,3174 mAh,No,4000 x 3000 Pixels,yes,iOS v12.0,901,185,84.89 %,,No,yes,4.6
18:9,3.5 mm,yes,Nubia,3800 mAh,yes,5288 x 3968 Pixels,yes,Android v8.1 (Oreo),5,5,78.45 %,yes,No,yes,3.4
,3.5 mm,,HTC,3200 mAh,yes,4616 x 3464 Pixels,yes,Android v7.0 (Nougat),31,27,70.12 %,,No,,3.3
18:9,3.5 mm,yes,HTC,2965 mAh,yes,4128 x 3096 Pixels,yes,Android v8.0 (Oreo),93,95,76.66 %,,No,yes,3.2
,3.5 mm,,Lava,2000 mAh,No,2592 x 1944 Pixels,yes,Android v8.1 (Oreo),492,152,61.95 %,,yes,yes,3.5
,,,Samsung,1000 mAh,,640 x 480 Pixels,yes,,10539,2218,,,yes,,4.2
19:9,3.5 mm,yes,Vivo,3260 mAh,yes,4128 x 3096 Pixels,yes,Android v8.1 (Oreo),890,893,84.91 %,yes,No,yes,4.3
16:9,3.5 mm,,Samsung,2000 mAh,No,2592 x 1944 Pixels,yes,Android v5.1.1 (Lollipop),20241,3602,64.51 %,yes,yes,,4.1
18:9,3.5 mm,yes,Micromax,4000 mAh,yes,4128 x 3096 Pixels,yes,Android v7.0 (Nougat),15,10,,,No,yes,4
16:9,3.5 mm,,Lenovo,3300 mAh,yes,4128 x 3096 Pixels,yes,Android v5.1 (Lollipop),31508,29842,70.81 %,yes,No,,3.8
16:9,3.5 mm,,Moto,3000 mAh,yes,4000 x 3000 Pixels,yes,Android v7.1.1 (Nougat),9983,2158,69.9 %,yes,No,yes,4.3
16:9,3.5 mm,,Samsung,2900 mAh,yes,4128 x 3096 Pixels,yes,Android v5.1 (Lollipop),2220,571,72.34 %,yes,No,,4.1
,3.5 mm,,Sony,2700 mAh,No,5536 x 4152 Pixels,yes,Android v7.0 (Nougat),1207,398,75.96 %,yes,No,yes,4
18:9,3.5 mm,yes,LG,3000 mAh,No,4128 x 3096 Pixels,yes,Android v7.1.1 (Nougat),968,254,79.05 %,yes,No,yes,3.8
16:9,3.5 mm,,Samsung,3300 mAh,yes,4128 x 3096 Pixels,yes,Android v7.1.1 (Nougat),4508,4511,73.13 %,yes,No,yes,3.8
,,,Blackberry,3450 mAh,,4128 x 3096 Pixels,yes,Blackberry v10.3,1099,547,56.52 %,,No,,3.9
,3.5 mm,,Asus,5000 mAh,No,4128 x 3096 Pixels,yes,Android v5.0 (Lollipop),113675,22828,68.82 %,yes,No,yes,4.1
,3.5 mm,,Micromax,1600 mAh,No,2592 x 1944 Pixels,yes,Android v6.0 (Marshmallow),6390,815,59.67 %,,yes,yes,3.7
16:9,3.5 mm,,Samsung,3100 mAh,No,4128 x 3096 Pixels,yes,Android v6.0 (Marshmallow),103721,18465,70.55 %,yes,yes,,4.2
,3.5 mm,,Nokia,3000 mAh,yes,4128 x 3096 Pixels,yes,Android v7.1.1 (Nougat),849,241,68.52 %,yes,No,yes,4
18:9,3.5 mm,yes,Lenovo,4000 mAh,yes,4128 x 3096 Pixels,yes,Android v8.1 (Oreo),4803,660,73.75 %,yes,No,yes,4.2
16:9,3.5 mm,,Apple,1810 mAh,yes,3264 x 2448 Pixels,yes,iOS v8,83030,14663,65.66 %,,No,yes,4.4
16:9,,,Moto,2730 mAh,yes,4000 x 3000 Pixels,yes,Android v8.0 (Oreo),2774,625,70.26 %,yes,No,,4.1
18:9,3.5 mm,yes,10.or,3200 mAh,No,4128 x 3096 Pixels,yes,Android v8.1 (Oreo),562,564,73.61 %,yes,No,yes,3.4
,3.5 mm,,Samsung,2600 mAh,No,3264 x 2448 Pixels,yes,Android v5.1 (Lollipop),135815,18462,68.06 %,yes,yes,yes,4.2
,3.5 mm,,Apple,1715 mAh,yes,4608 x 2592 Pixels,yes,iOS v9,8031,2079,65.47 %,,No,yes,4.4
18:9,3.5 mm,yes,InFocus,4000 mAh,yes,4128 x 3096 Pixels,yes,Android v7.0 (Nougat),438,269,76.11 %,,No,yes,3.9
18:9,3.5 mm,yes,Tecno,3750 mAh,yes,4616 x 3464 Pixels,yes,Android v8.1 (Oreo),25,28,77.28 %,,No,yes,3.9
,3.5 mm,,I Kall,8000 mAh,,640 x 480 Pixels,yes,,3295,699,,,yes,,3.5
18:9,3.5 mm,yes,Xiaomi,4000 mAh,yes,4000 x 3000 Pixels,yes,Android v7.1.2 (Nougat),315500,38731,77.48 %,yes,No,yes,4.4
19:9,3.5 mm,yes,Infinix,4000 mAh,yes,4128 x 3096 Pixels,yes,Android v8.1 (Oreo),1362,217,81.99 %,yes,No,yes,4.2
18:9,Lightning,yes,Apple,2716 mAh,No,4000 x 3000 Pixels,yes,iOS v11.0.1,5212,1436,80.93 %,,No,yes,4.5
19.5:9,Lightning,yes,Apple,2942 mAh,No,4000 x 3000 Pixels,yes,iOS v12.0,223,87,79.79 %,,No,yes,4.5
,3.5 mm,,Samsung,3300 mAh,No,4128 x 3096 Pixels,yes,Android v6.0 (Marshmallow),82952,18941,72.16 %,yes,yes,yes,4.2
16:9,3.5 mm,,Samsung,2600 mAh,No,3264 x 2448 Pixels,yes,Android v6.0 (Marshmallow),12771,12773,67.02 %,,yes,,4
,3.5 mm,,Vivo,3000 mAh,No,4128 x 3096 Pixels,yes,Android v6.0 (Marshmallow),4328,875,71.65 %,yes,No,yes,4.2
,3.5 mm,,Micromax,3000 mAh,No,4128 x 3096 Pixels,yes,Android v5.1 (Lollipop),2194,1084,,yes,yes,,3.5
16:9,3.5 mm,,Sony,3300 mAh,yes,4128 x 3096 Pixels,yes,Android v7.1 (Nougat),159,36,71.11 %,yes,No,yes,3.7
16:9,3.5 mm,,Honor,3000 mAh,yes,4000 x 3000 Pixels,yes,Android v6.0 (Marshmallow),3698,1609,71.99 %,yes,No,,4.3
,3.5 mm,,Itel,2400 mAh,yes,2592 x 1944 Pixels,yes,Android v7.0 (Nougat),1,1,63.99 %,yes,yes,yes,5
,3.5 mm,,Panasonic,4000 mAh,yes,4128 x 3096 Pixels,yes,Android v7.0 (Nougat),3893,867,66.97 %,yes,No,yes,3.5
19:9,3.5 mm,yes,OPPO,3400 mAh,yes,4616 x 3464 Pixels,yes,Android v8.1 (Oreo),2854,1026,82.06 %,yes,No,yes,4.4
,3.5 mm,,InFocus,3000 mAh,yes,4128 x 3096 Pixels,yes,Android v7.0 (Nougat),2000,699,69.31 %,,No,yes,3.7
18:9,3.5 mm,yes,Itel,2400 mAh,yes,3264 x 2448 Pixels,yes,Android v7.0 (Nougat),39,8,73.46 %,yes,yes,yes,4.3
16:9,3.5 mm,,LG,2800 mAh,yes,4616 x 3464 Pixels,yes,Android v6.0.1 (Marshmallow),419,168,69.98 %,yes,yes,yes,3.9
,3.5 mm,,Motorola,2470 mAh,No,4128 x 3096 Pixels,yes,Android v5.1.1 (Lollipop),185384,21609,66.83 %,yes,No,,4.3
,3.5 mm,,Gionee,3520 mAh,yes,5656 x 4240 Pixels,yes,Android v5.1 (Lollipop),193,66,73.36 %,yes,No,,3.8
16:9,3.5 mm,,Gionee,4000 mAh,No,3264 x 2448 Pixels,yes,Android v5.1 (Lollipop),1843,486,68.79 %,yes,No,,3.8
16:9,3.5 mm,,Moto,3000 mAh,yes,4000 x 3000 Pixels,yes,Android v7.1 (Nougat),19244,3904,68.32 %,yes,No,,4.3
18:9,USB Type-C,yes,Sony,3180 mAh,yes,5000 x 3500 Pixels,yes,Android v8.0 (Oreo),5,5,76.11 %,yes,No,yes,5
16:9,3.5 mm,,Samsung,2600 mAh,No,3264 x 2448 Pixels,yes,Android v6.0 (Marshmallow),6445,3637,67.91 %,yes,yes,,4.1
18:9,3.5 mm,yes,Nokia,3000 mAh,yes,4616 x 3464 Pixels,yes,Android v8.0 (Oreo),17,13,73.08 %,,No,yes,3
,3.5 mm,,Xiaomi,4100 mAh,yes,4128 x 3096 Pixels,yes,Android v6.0.1 (Marshmallow),616259,112769,72.5 %,yes,No,yes,4.4
,3.5 mm,,Razer,4000 mAh,yes,4000 x 3000 Pixels,yes,Android v7.1.1 (Nougat),6,7,72.56 %,,No,,3
,3.5 mm,,Panasonic,2500 mAh,No,3264 x 2448 Pixels,yes,Android v7.0 (Nougat),18466,2915,65.63 %,yes,yes,,4
16:9,3.5 mm,,Oppo,2850 mAh,yes,4128 x 3096 Pixels,yes,Android v5.1.1 (Lollipop),1446,617,73.77 %,yes,No,yes,4
,3.5 mm,,Lenovo,4000 mAh,yes,4616 x 3464 Pixels,yes,Android v6.0 (Marshmallow),7258,1640,72.5 %,yes,No,yes,3.9
16:9,3.5 mm,,Coolpad,4070 mAh,yes,4128 x 3096 Pixels,yes,Android v7.1 (Nougat),721,114,70.85 %,,No,yes,3.9
18:9,3.5 mm,yes,OPPO,3180 mAh,No,4128 x 3096 Pixels,yes,Android v7.1 (Nougat),7893,954,76.21 %,yes,No,yes,4.2
18:9,3.5 mm,yes,LG,3000 mAh,yes,4128 x 3096 Pixels,yes,Android v8.0 (Oreo),37,39,78.34 %,yes,No,yes,2.8
,,,Apple,1960 mAh,yes,4068 x 2592 Pixels,yes,iOS v10,6349,4035,65.47 %,,No,yes,4.3
,3.5 mm,,Jivi,2300 mAh,No,2592 x 1944 Pixels,yes,Android v7.0 (Nougat),397,146,60.68 %,,,yes,3.3
16:9,3.5 mm,,Samsung,3000 mAh,No,4128 x 3096 Pixels,yes,Android v8.0 (Oreo),2266,406,71.04 %,,yes,yes,4.3
18:9,3.5 mm,yes,Moto,4000 mAh,yes,4128 x 3096 Pixels,yes,Android v8.0 (Oreo),9507,1506,75.21 %,yes,No,yes,4
,3.5 mm,,Itel,2700 mAh,yes,3264 x 2448 Pixels,yes,Android v7.0 (Nougat),34,11,65.95 %,,yes,,4.2
,3.5 mm,,Micromax,2000 mAh,No,2592 x 1944 Pixels,yes,Android v8.0 (Oreo),28,5,60.9 %,,yes,yes,4.1
3:2,3.5 mm,,Blackberry,3000 mAh,yes,4128 x 3096 Pixels,yes,Android v8.1 (Oreo),19,22,56.02 %,yes,No,yes,4.2
,3.5 mm,,Sony,2300 mAh,No,4128 x 3096 Pixels,yes,Android v6.0 (Marshmallow),4997,2103,71.68 %,,No,,3.6
,3.5 mm,,Intex,2800 mAh,yes,4128 x 3096 Pixels,yes,Android v7.0 (Nougat),742,227,66.64 %,yes,,yes,3.5
18:9,3.5 mm,yes,Tecno,3050 mAh,yes,4128 x 3096 Pixels,yes,Android v7.0 (Nougat),380,72,76.13 %,yes,No,yes,4.1
19.5:9,Lightning,yes,Apple,3174 mAh,No,4000 x 3000 Pixels,yes,iOS v12.0,901,185,84.89 %,,No,yes,4.6
,3.5 mm,,Xiaomi,3080 mAh,yes,4128 x 3096 Pixels,yes,Android v7.1.2 (Nougat),15943,15438,71.36 %,yes,No,yes,3.9
,3.5 mm,,Lava,2800 mAh,,1280 x 1024 Pixels,yes,,1310,387,33.05 %,,,,3.8
18:9,3.5 mm,yes,Panasonic,2500 mAh,No,3264 x 2448 Pixels,yes,Android v7.1 (Nougat),4405,511,71.55 %,yes,,yes,4
18:9,3.5 mm,yes,Infinix,4000 mAh,yes,4616 x 3464 Pixels,yes,Android v8.1 (Oreo),203,51,76.58 %,yes,No,yes,3.8
,3.5 mm,,Vivo,2550 mAh,yes,4128 x 3096 Pixels,yes,Android v5.1 (Lollipop),2773,870,67.44 %,yes,No,,4.1
18:9,3.5 mm,yes,HTC,2730 mAh,No,4128 x 3096 Pixels,yes,Android v7.0 (Nougat),70,73,74.25 %,,No,yes,2.5
,3.5 mm,,Vivo,2730 mAh,No,4128 x 3096 Pixels,yes,Android v6.0 (Marshmallow),3604,879,68.98 %,yes,No,yes,4.2
,3.5 mm,,Asus,3000 mAh,No,4128 x 3096 Pixels,yes,Android v5.0 (Lollipop),13407,3140,70.67 %,yes,No,,3.7
,3.5 mm,,Micromax,2500 mAh,No,2592 x 1944 Pixels,yes,Android v7.0 (Nougat),409,63,65.18 %,yes,yes,yes,3.9
,3.5 mm,,LG,3200 mAh,yes,4616 x 3464 Pixels,yes,Android v7.0 (Nougat),1169,550,71.73 %,yes,yes,yes,4.1
,3.5 mm,,Samsung,3600 mAh,yes,4616 x 3464 Pixels,yes,Android v6.0 (Marshmallow),477,290,73.44 %,yes,No,yes,3
,3.5 mm,,Sony,2700 mAh,No,5352 x 4016 Pixels,yes,Android v6.0 (Marshmallow),1883,818,75.95 %,,No,,3.8
18.7:9,3.5 mm,yes,Xiaomi Poco,4000 mAh,yes,4000 x 3000 Pixels,yes,Android v8.1 (Oreo),5369,793,81.77 %,yes,No,yes,4.6
,3.5 mm,,Google,2700 mAh,yes,4048 x 3040 Pixels,yes,Android v6.0 (Marshmallow),2737,630,69.69 %,,No,,4.2
,3.5 mm,,iVooMi,3000 mAh,No,3264 x 2448 Pixels,yes,Android v7.0 (Nougat),12951,3440,66.64 %,yes,yes,yes,3.4
16:9,3.5 mm,,Moto,3050 mAh,yes,4616 x 3464 Pixels,yes,Android v6.0.1 (Marshmallow),63398,13580,73.03 %,yes,No,yes,3.9
,3.5 mm,,Huawei,3000 mAh,yes,4000 x 3000 Pixels,yes,Android v6.0 (Marshmallow),846,283,72.34 %,yes,No,,4.5
18:9,3.5 mm,yes,Tecno,3050 mAh,yes,4128 x 3096 Pixels,yes,Android v8.0 (Oreo),119,19,,,,yes,4.1
18:9,3.5 mm,yes,Intex,2800 mAh,No,3264 x 2448 Pixels,yes,Android v8.1 (Oreo),34,37,72.39 %,,yes,yes,3.3
16:9,3.5 mm,,Lenovo,3500 mAh,yes,4128 x 3096 Pixels,yes,Android v6.0 (Marshmallow),123181,24793,72.31 %,yes,No,yes,4.1
,3.5 mm,,Honor,4000 mAh,No,4129 x 3096 Pixels,yes,Android v5.1 (Lollipop),24667,5191,66.92 %,yes,No,,4
,3.5 mm,,Nokia,800 mAh,,,yes,,26218,3545,13.19 %,,yes,,4
,3.5 mm,,Samsung,2050 mAh,No,2592 x 1944 Pixels,yes,Tizen v3.0,895,229,62.67 %,yes,yes,yes,3.3
,3.5 mm,,Google,2770 mAh,yes,4032 x 3024 Pixels,yes,Android v7.1.1 (Nougat),4539,1139,68.8 %,yes,No,yes,4.4
,3.5 mm,,Yu,4000 mAh,yes,4128 x 3096 Pixels,yes,Android v5.1 (Lollipop),18183,4613,71.98 %,yes,No,yes,3.8
,,,Lava,1750 mAh,,640 x 480 Pixels,yes,,117,22,33.35 %,,yes,,4.2
,3.5 mm,,Vivo,2000 mAh,No,2592 x 1944 Pixels,yes,Android v5.1 (Lollipop),1025,311,64.18 %,yes,yes,yes,3.9
16:9,3.5 mm,,Micromax,2900 mAh,No,4128 x 3096 Pixels,yes,Android v5.1 (Lollipop),3266,1611,68.27 %,,No,,3.6
19:9,3.5 mm,yes,Vivo,4030 mAh,yes,4128 x 3096 Pixels,yes,Android v8.1 (Oreo),11,10,82.6 %,yes,No,yes,4.4
,3.5 mm,,Honor,3000 mAh,yes,4128 x 3096 Pixels,yes,Android v5.1 (Lollipop),19204,4239,72.07 %,No,No,,4.1
,3.5 mm,,Samsung,3200 mAh,No,4128 x 3096 Pixels,yes,Android v4.3 (Jelly Bean),4591,847,74.62 %,yes,yes,,4.1
16:9,3.5 mm,,Gionee,3100 mAh,yes,4128 x 3096 Pixels,yes,Android v7.1 (Nougat),220,29,67.86 %,,yes,yes,4
,3.5 mm,,Blackberry,1800 mAh,No,3264 x 2448 Pixels,yes,Blackberry v10,3200,1178,58.88 %,yes,yes,,3.5
,3.5 mm,,Panasonic,3000 mAh,yes,4128 x 3096 Pixels,yes,Android v6.0 (Marshmallow),274,253,71.09 %,,No,yes,3
,3.5 mm,,Lava,3020 mAh,yes,4128 x 3096 Pixels,yes,Android v6.0 (Marshmallow),346,169,71.88 %,,No,yes,4.2
,3.5 mm,,Nokia,1100 mAh,,1600 x 1200 Pixels,yes,Nokia Asha v,8845,1751,30.49 %,,,,4
16:9,3.5 mm,,Samsung,3000 mAh,No,4128 x 3096 Pixels,yes,Android v7.0 (Nougat),2253,616,69.46 %,yes,yes,,3.9
,3.5 mm,,Lephone,1300 mAh,No,1600 x 1200 Pixels,yes,Android v6.0 (Marshmallow),24,10,,,,yes,3.5
,3.5 mm,,Micromax,1300 mAh,No,1600 x 1200 Pixels,yes,Android v6.0 (Marshmallow),597,193,57.46 %,yes,yes,yes,3.4
,3.5 mm,,Moto,3000 mAh,yes,4616 x 3464 Pixels,yes,Android v6.0 (Marshmallow),54254,53106,70.99 %,yes,No,,3.4
,3.5 mm,,Micromax,2000 mAh,No,3264 x 2448 Pixels,yes,Android v5.0.2 (Lollipop),3612,705,65.58 %,,No,,4
16:9,3.5 mm,,Intex,4000 mAh,No,3264 x 2448 Pixels,yes,Android v7.0 (Nougat),4048,775,65.01 %,yes,No,yes,3.6
,3.5 mm,,Lava,2500 mAh,No,2592 x 1944 Pixels,yes,Android v8.1 (Oreo),128,16,66.74 %,,yes,yes,4
,3.5 mm,,VOTO,3000 mAh,,4128 x 3096 Pixels,yes,Android v6.0 (Marshmallow),3415,595,,No,,yes,3.5
,3.5 mm,,Comio,5000 mAh,yes,4128 x 3096 Pixels,yes,Android v7.0 (Nougat),126,39,71.55 %,,No,yes,4
,3.5 mm,,Gionee,5020 mAh,yes,4128 x 3096 Pixels,yes,Android v5.1 (Lollipop),269,90,75.78 %,,No,yes,4
,3.5 mm,,Lenovo,2000 mAh,No,2592 x 1944 Pixels,yes,Android v5.0 (Lollipop),17969,3018,57.15 %,No,yes,,3.7
18.5:9,3.5 mm,yes,Samsung,3500 mAh,yes,4000 x 3000 Pixels,yes,Android v8.0 (Oreo),3039,721,83.99 %,yes,No,yes,4.6
16:9,3.5 mm,,Lenovo,2900 mAh,No,4128 x 3096 Pixels,yes,Android v5.0.2 (Lollipop),199772,25254,71.55 %,yes,yes,,4
,3.5 mm,,Samsung,3300 mAh,yes,4128 x 3096 Pixels,yes,Android v6.0.1 (Marshmallow),18802,4012,73.13 %,yes,No,yes,4.1
,3.5 mm,,Honor,3100 mAh,No,4128 x 3096 Pixels,yes,Android v6.0 (Marshmallow),9264,1533,69.94 %,,No,,4
,3.5 mm,,Karbonn,4000 mAh,No,2592 x 1944 Pixels,yes,Android v6.0 (Marshmallow),1349,305,67.25 %,,,yes,3.5
,3.5 mm,,Moto,3500 mAh,No,3264 x 2448 Pixels,yes,Android v6.0 (Marshmallow),422206,80737,66.78 %,yes,yes,yes,4.1
16:9,3.5 mm,,Blackberry,3410 mAh,No,4896 x 3672 Pixels,yes,Android v5.1.1 (Lollipop),1036,563,70.67 %,,No,yes,3.7
,3.5 mm,,Intex,4000 mAh,,640 x 480 Pixels,yes,,583,201,31.33 %,,yes,,3.7
,,,Lava,3000 mAh,,1280 x 1024 Pixels,yes,,2923,824,28.44 %,,,,3.9
18:9,3.5 mm,yes,Tecno,3050 mAh,No,4128 x 3096 Pixels,yes,Android v8.1 (Oreo),110,14,,,,yes,4.4
16:9,3.5 mm,,Lenovo,5100 mAh,yes,4128 x 3096 Pixels,yes,Android v6.0.1 (Marshmallow),16498,5149,71.55 %,yes,No,yes,4.3
,,,Lava,1000 mAh,,640 x 480 Pixels,yes,,599,99,29.43 %,,yes,,4.1
18:9,3.5 mm,yes,Gionee,2670 mAh,No,3264 x 2448 Pixels,yes,Android v7.1.1 (Nougat),127,23,73.06 %,,,yes,4.1
,3.5 mm,,Gionee,3000 mAh,yes,3264 x 2448 Pixels,yes,Android v7.0 (Nougat),894,187,66 %,yes,yes,yes,3.9
16:9,3.5 mm,,Lenovo,3500 mAh,yes,4128 x 3096 Pixels,yes,Android v6.0.1 (Marshmallow),12194,9293,70.58 %,yes,No,yes,3.4
,3.5 mm,,Lyf,2000 mAh,No,3264 x 2448 Pixels,yes,Android v5.1 (Lollipop),23957,4826,63.45 %,,yes,yes,3.3
,3.5 mm,,Samsung,2600 mAh,No,3264 x 2448 Pixels,yes,Android v4.3 (Jelly Bean),6112,1464,68.58 %,,yes,,3.9
,3.5 mm,,Meizu,3000 mAh,yes,4000 x 3000 Pixels,yes,Android v7.0 (Nougat),21,24,71.27 %,,No,,4
,3.5 mm,,Moto,3510 mAh,yes,4608 x 3456 Pixels,yes,Android v6.0.1 (Marshmallow),27398,8070,69.63 %,,No,yes,4.4
18.5:9,3.5 mm,yes,Samsung,3500 mAh,yes,4000 x 3000 Pixels,yes,Android v7.0 (Nougat),375,118,83.7 %,,No,yes,4.5
,3.5 mm,,Samsung,2600 mAh,No,3264 x 2448 Pixels,yes,Android v5.1.1 (Lollipop),208866,27159,67.02 %,yes,yes,,4.2
,3.5 mm,,Gionee,1850 mAh,No,2592 x 1944 Pixels,yes,Android v5.0 (Lollipop),2342,395,63.93 %,,yes,,3.8
18:9,3.5 mm,yes,Mobiistar,2700 mAh,No,2592 x 1944 Pixels,yes,Android v8.1 (Oreo),35,5,,yes,,yes,3.7
18.5:9,3.5 mm,yes,Samsung,3000 mAh,yes,4616 x 3464 Pixels,yes,Android v8.0 (Oreo),595,220,75.33 %,yes,No,yes,4.2
,3.5 mm,,Lenovo,4000 mAh,yes,4128 x 3096 Pixels,yes,Android v7.1.1 (Nougat),20686,3969,68.04 %,yes,No,yes,4.1
,3.5 mm,,Sony,2900 mAh,yes,5520 x 4140 Pixels,yes,Android v6.0 (Marshmallow),403,257,70.75 %,,No,yes,4
,3.5 mm,,Intex,2400 mAh,No,3264 x 2448 Pixels,yes,Android v7.0 (Nougat),6887,897,65.96 %,yes,yes,yes,3.9
,3.5 mm,,Yu,2500 mAh,No,4128 x 3096 Pixels,yes,Android v4.4.4 (Kitkat),36560,9279,68.91 %,yes,yes,,3.7
,3.5 mm,,Motorola,2070 mAh,,3264 x 2448 Pixels,yes,Android v4.4.4 (Kitkat),143743,17411,68.73 %,yes,No,,4.2
16:9,3.5 mm,,Mobiistar,3000 mAh,yes,4128 x 3096 Pixels,yes,Android v7.1.2 (Nougat),593,157,70.39 %,yes,No,yes,4
,3.5 mm,,Micromax,2000 mAh,No,3264 x 2448 Pixels,yes,Android v5.1 (Lollipop),15519,2266,66.19 %,,yes,,3.6
,3.5 mm,,HTC,2600 mAh,No,4128 x 3096 Pixels,yes,Android v5.0.1 (Lollipop),3833,1117,67.95 %,yes,No,,3.6
18:9,3.5 mm,yes,Tecno,4000 mAh,yes,4128 x 3096 Pixels,yes,Android v8.1 (Oreo),39,14,75.91 %,,No,yes,4.4
,3.5 mm,,Oppo,2420 mAh,No,3264 x 2448 Pixels,yes,Android v5.1 (Lollipop),2335,651,67.2 %,yes,No,,3.8
,3.5 mm,,HTC,3000 mAh,yes,5160 x 3872 Pixels,yes,Android v6.0 (Marshmallow),2397,751,69.95 %,,No,,3.9
,3.5 mm,,Nokia,3000 mAh,yes,4128 x 3096 Pixels,yes,Android v7.1.1 (Nougat),6070,1220,68.52 %,yes,No,yes,4.1
,3.5 mm,,Micromax,1800 mAh,No,2592 x 1944 Pixels,yes,Android v6.0 (Marshmallow),1676,422,63.93 %,,yes,yes,3.6
,USB Type-C,,LeEco,3000 mAh,yes,4616 x 3464 Pixels,yes,Android v6.0 (Marshmallow),16211,4892,74.21 %,yes,No,yes,4.3
